model,split,threshold,accuracy,precision,recall,f1,macro_f1,balanced_accuracy,brier_score,roc_auc,pr_auc
LR,validation,0.5,0.8673469387755102,0.8571428571428571,0.6428571428571429,0.7346938775510204,0.8231292517006803,0.8,0.10587910070270547,0.8836734693877552,0.8324291689799949
SVM,validation,0.5,0.8877551020408163,0.925,0.6607142857142857,0.7708333333333334,0.8482545045045045,0.8196428571428571,0.09564754963725063,0.8941326530612245,0.8451557998545434
RF,validation,0.5,0.8775510204081632,0.8809523809523809,0.6607142857142857,0.7551020408163265,0.8367346938775511,0.8125,0.09744887026830373,0.8690051020408164,0.8424120212480586
ET,validation,0.5,0.8826530612244898,0.8837209302325582,0.6785714285714286,0.7676767676767676,0.8445892370807047,0.8214285714285714,0.09055587366950214,0.875765306122449,0.8601342277841048
GB,validation,0.5,0.8775510204081632,0.9,0.6428571428571429,0.75,0.8344594594594594,0.8071428571428572,0.0928363269389158,0.9043367346938775,0.863966322985769
KNN,validation,0.5,0.8826530612244898,0.8666666666666667,0.6964285714285714,0.7722772277227723,0.8466197135177436,0.8267857142857142,0.08795641742313097,0.9006377551020408,0.8682315706374282
MLP,validation,0.5,0.8622448979591837,0.7959183673469388,0.6964285714285714,0.7428571428571429,0.8243902439024391,0.8125,0.09576802453388432,0.9307397959183673,0.8858455459069499
Ensemble,validation,0.5,0.8673469387755102,0.8571428571428571,0.6428571428571429,0.7346938775510204,0.8231292517006803,0.8,0.09044324331210363,0.9017857142857143,0.8702251200884292
WeightedEnsemble,validation,0.5,0.8826530612244898,0.8837209302325582,0.6785714285714286,0.7676767676767676,0.8445892370807047,0.8214285714285714,0.08975071554373293,0.8923469387755101,0.8663351913012647
