model,split,threshold,accuracy,precision,recall,f1,macro_f1,balanced_accuracy,brier_score,roc_auc,pr_auc
LR,test,0.5,0.923469387755102,1.0,0.7321428571428571,0.845360824742268,0.8972566835575747,0.8660714285714286,0.06354151181475627,0.9459183673469387,0.9167001601906434
SVM,test,0.5,0.9285714285714286,1.0,0.75,0.8571428571428571,0.9047619047619047,0.875,0.06430970166839253,0.932780612244898,0.9067259791450342
RF,test,0.5,0.8979591836734694,1.0,0.6428571428571429,0.782608695652174,0.8579710144927537,0.8214285714285714,0.07368592323143873,0.9808673469387755,0.9582825551600114
ET,test,0.5,0.9285714285714286,1.0,0.75,0.8571428571428571,0.9047619047619047,0.875,0.0578313711784614,0.9700255102040816,0.9463627112556057
GB,test,0.5,0.9132653061224489,0.9333333333333333,0.75,0.8316831683168316,0.8866319621652887,0.8642857142857143,0.06622494931773769,0.9572704081632654,0.9271929183385765
KNN,test,0.5,0.9336734693877551,0.9777777777777777,0.7857142857142857,0.8712871287128713,0.9133067945969855,0.8892857142857142,0.06237741292042,0.9295918367346939,0.9050360099689538
MLP,test,0.5,0.9285714285714286,0.92,0.8214285714285714,0.8679245283018868,0.9094867396754189,0.8964285714285714,0.06596924498830443,0.9561224489795919,0.9313072776674441
Ensemble,test,0.5,0.9183673469387755,1.0,0.7142857142857143,0.8333333333333334,0.8896396396396397,0.8571428571428572,0.061737734895917266,0.980484693877551,0.9569329730121647
WeightedEnsemble,test,0.5,0.9285714285714286,1.0,0.75,0.8571428571428571,0.9047619047619047,0.875,0.05839006578996618,0.9748724489795918,0.9502015229437096
